{
  "by_problem": {
    "mathd_algebra_359": [
      0.00026044576334179,
      0.00027008639253438,
      0.00023448385180057803
    ],
    "aime_1997_p9": [
      0.0,
      0.0,
      0.0
    ],
    "mathd_algebra_11": [
      0.0,
      0.0,
      0.0
    ],
    "mathd_algebra_141": [
      0.00023689654159476855
    ],
    "mathd_algebra_107": [
      0.00024133883199728155,
      0.0002226354335869596,
      0.00020855300916965868
    ],
    "mathd_algebra_125": [
      0.00020938233885097672
    ],
    "mathd_algebra_148": [
      4.212208886619748e-7
    ],
    "amc12a_2003_p5": [
      0.0
    ],
    "mathd_algebra_10": [
      0.00026212354144631905,
      0.0002721672761852817,
      0.0002664249659375681
    ],
    "mathd_algebra_171": [
      0.00009797610754641374,
      0.000018895198856568376,
      0.00021135308456088968
    ],
    "mathd_algebra_44": [
      0.0
    ],
    "mathd_numbertheory_5": [
      0.0,
      0.0,
      0.0
    ],
    "mathd_numbertheory_961": [
      0.0002874223959530927,
      0.00020569897230736449
    ]
  }
}