{
  "by_problem": {
    "mathd_algebra_125": [
      0.00020938233885097672
    ],
    "amc12a_2003_p5": [
      0.0
    ],
    "mathd_algebra_141": [
      0.00023689654159476855
    ],
    "mathd_algebra_148": [
      4.212208886619748e-7
    ],
    "mathd_algebra_107": [
      0.0,
      0.00021153742012347017,
      0.00003361255958834564
    ]
  }
}