{
  "by_problem": {
    "mathd_numbertheory_5": [
      0.0,
      0.0,
      0.0
    ],
    "mathd_algebra_107": [
      0.0,
      0.0000897240161043842,
      0.0
    ],
    "mathd_algebra_141": [
      0.00008368607011888442,
      0.00008666968277162713,
      0.0000769772629948974
    ],
    "aime_1983_p1": [
      0.0
    ],
    "imo_1964_p2": [
      0.0
    ],
    "mathd_algebra_148": [
      4.212208886619748e-7
    ],
    "numbertheory_2pownm1prime_nprime": [
      0.0,
      0.0,
      0.0
    ],
    "mathd_algebra_44": [
      0.0
    ],
    "mathd_numbertheory_961": [
      0.0002874223959530927,
      0.00020569897230736449,
      0.00022343372955581372
    ],
    "amc12a_2003_p5": [
      0.0
    ],
    "mathd_algebra_10": [
      0.00026212354144631905,
      0.0002721672761852817,
      0.0002664249659375681
    ],
    "aime_1997_p9": [
      0.0,
      0.0,
      0.0
    ],
    "mathd_algebra_171": [
      0.000018895198856568376,
      0.00021135308456088968,
      0.000021450319141065727
    ],
    "mathd_algebra_359": [
      0.00026044576334179,
      0.00027008639253438,
      0.00023448385180057803
    ],
    "mathd_algebra_11": [
      0.0,
      0.0,
      0.0
    ],
    "mathd_algebra_125": [
      0.0000910171779450451,
      0.0,
      0.000058819588499335256
    ]
  }
}